zip_code,year,retail_space,retail_demand,retail_gap,retail_supply
60601,2015,1125.005,365200161.0,364862659.5,337501.50000000006
60601,2016,11675.0,426195247.5,422692747.5,3502500.0
60601,2017,2500.0,459166711.5,458416711.5,750000.0
60601,2018,500.0,454527307.5,454377307.5,150000.0
60601,2019,2500.0,466571488.8,465821488.8,750000.0
60601,2020,2890.95,477296287.5,476429002.5,867285.0
60601,2021,30852.2,546778338.0,537522678.0,9255660.0
60601,2022,80980.0,596693703.6,572399703.6,24294000.0
60601,2023,13025.0,622303894.8,618396394.8,3907500.0
60601,2024,80884.805,622303894.8,598038453.3,24265441.499999996
60601,2025,32511.23,622303894.8,612550525.8,9753369.0
60602,2015,225.0,22270257.599999998,22202757.599999998,67500.0
60602,2016,1048.575,32043562.799999997,31728990.299999997,314572.5
60602,2017,25000.0,44353019.4,36853019.4,7500000.0
60602,2018,60575.0,58639050.0,40466550.0,18172500.0
60602,2019,856925.0,65789868.0,-191287632.0,257077500.0
60602,2020,9340.0,108340948.8,105538948.8,2802000.0
60602,2021,50.0,80739171.6,80724171.6,15000.0
60602,2022,31325.0,47167423.8,37769923.8,9397500.0
60602,2023,27252.3,41602190.699999996,33426500.699999996,8175690.0
60602,2024,78304.405,41602190.699999996,18110869.199999996,23491321.5
60602,2025,137763.2,41602190.699999996,273230.69999999553,41328960.0
60603,2015,0.0,39391606.8,39391606.8,0.0
60603,2016,1250.0,43372350.0,42997350.0,375000.0
60603,2017,250.0,50314937.4,50239937.4,75000.0
60603,2018,250.005,53451633.0,53376631.5,75001.5
60603,2019,0.0,46156500.0,46156500.0,0.0
60603,2020,134943.25,49856475.0,9373500.0,40482975.0
60603,2021,60275.0,43755705.0,25673205.0,18082500.0
60603,2022,15500.0,41587704.0,36937704.0,4650000.0
60603,2023,0.0,43274544.6,43274544.6,0.0
60603,2024,138125.0,43274544.6,1837044.6000000015,41437500.0
60603,2025,323772.5,43274544.6,-53857205.4,97131750.0
60604,2015,2500.0,24808018.5,24058018.5,750000.0
60604,2016,9000.0,27878212.5,25178212.5,2700000.0
60604,2017,625.0,22958826.0,22771326.0,187500.0
60604,2018,0.0,27272250.0,27272250.0,0.0
60604,2019,0.0,22653075.0,22653075.0,0.0
60604,2020,2000.0,12806634.6,12206634.6,600000.0
60604,2021,253010.0,14002021.799999999,-61900978.2,75903000.0
60604,2022,2850.0,16951073.7,16096073.7,855000.0
60604,2023,0.0,15242195.399999999,15242195.399999999,0.0
60604,2024,2100.0,15242195.399999999,14612195.399999999,630000.0
60604,2025,12775.52,15242195.399999999,11409539.399999999,3832656.0
60605,2015,0.0,716370295.1999999,716370295.1999999,0.0
60605,2016,5244.035,796493602.5,794920392.0,1573210.5
60605,2017,500.0,847006340.4,846856340.4,150000.0
60605,2018,11515.0,917736634.8,914282134.8,3454500.0
60605,2019,1375.0,971516484.0,971103984.0,412500.0
60605,2020,60950.0,1013866290.0,995581290.0,18285000.0
60605,2021,0.0,1079346142.2,1079346142.2,0.0
60605,2022,36902.5,1198883120.3999999,1187812370.3999999,11070750.0
60605,2023,91345.99,1216803950.3999999,1189400153.3999999,27403797.0
60605,2024,99077.655,1216803950.3999999,1187080653.8999999,29723296.5
60605,2025,179854.22,1216803950.3999999,1162847684.3999999,53956266.0
60606,2015,177100.0,99130733.39999999,46000733.39999999,53130000.0
60606,2016,1315040.0,108371610.89999999,-286140389.1,394512000.0
60606,2017,23530.025,123549198.3,116490190.8,7059007.5
60606,2018,519975.0,122313053.1,-33679446.900000006,155992500.0
60606,2019,1689107.275,138604243.79999998,-368127938.70000005,506732182.5
60606,2020,12000.0,117249098.39999999,113649098.39999999,3600000.0
60606,2021,55731.225,128815922.39999999,112096554.89999999,16719367.5
60606,2022,69733.25,140519648.7,119599673.69999999,20919975.0
60606,2023,50944.22,147232498.79999998,131949232.79999998,15283266.0
60606,2024,366684.195,147232498.79999998,37227240.29999998,110005258.5
60606,2025,129230.565,147232498.79999998,108463329.29999998,38769169.5
60607,2015,47485.0,710284430.6999999,696038930.6999999,14245500.0
60607,2016,553365.0,736178835.6,570169335.6,166009500.0
60607,2017,298630.15,800495616.0,710906571.0,89589045.0
60607,2018,41014.5,830098568.4,817794218.4,12304350.0
60607,2019,31030.0,902745815.4,893436815.4,9309000.0
60607,2020,17975.0,938028281.4,932635781.4,5392500.0
60607,2021,7923.255,986377098.0,984000121.5,2376976.5
60607,2022,12182.3,1032372450.0,1028717760.0,3654690.0
60607,2023,104481.495,1144227743.7,1112883295.2,31344448.5
60607,2024,19596.03,1144227743.7,1138348934.7,5878809.0
60607,2025,331410.5,1144227743.7,1044804593.7,99423150.0
60608,2015,475.0,864914133.6,864771633.6,142500.0
60608,2016,5075.0,880043198.4,878520698.4,1522500.0
60608,2017,18237.2,975534960.5999999,970063800.5999999,5471160.0
60608,2018,12298.0,1046527744.5,1042838344.5,3689400.0
60608,2019,3325.0,1204079354.1,1203081854.1,997500.0
60608,2020,14640.0,1372580703.8999999,1368188703.8999999,4392000.0
60608,2021,6656.395,1543810983.0,1541814064.5,1996918.5000000002
60608,2022,25400.895,1658811278.7,1651191010.2,7620268.5
60608,2023,37200.0,1727843140.8,1716683140.8,11160000.0
60608,2024,42203.75,1727843140.8,1715182015.8,12661125.0
60608,2025,513018.3,1727843140.8,1573937650.8,153905490.0
60609,2015,190.0,600579252.0,600522252.0,57000.0
60609,2016,0.0,611064675.0,611064675.0,0.0
60609,2017,0.0,621388573.8,621388573.8,0.0
60609,2018,708.985,648999781.5,648787086.0,212695.5
60609,2019,0.0,682876340.1,682876340.1,0.0
60609,2020,1005.0,732497557.1999999,732196057.1999999,301500.0
60609,2021,0.0,798897698.4,798897698.4,0.0
60609,2022,0.0,895663310.6999999,895663310.6999999,0.0
60609,2023,505.0,1043879416.8,1043727916.8,151500.0
60609,2024,0.0,1043879416.8,1043879416.8,0.0
60609,2025,70350.0,1043879416.8,1022774416.8,21105000.0
60610,2015,0.0,901551424.8,901551424.8,0.0
60610,2016,2250.0,889001751.6,888326751.6,675000.0
60610,2017,10875.15,962882316.0,959619771.0,3262545.0
60610,2018,0.0,1016089877.0999999,1016089877.0999999,0.0
60610,2019,0.0,1120706172.0,1120706172.0,0.0
60610,2020,3708.35,1179401482.8,1178288977.8,1112505.0
60610,2021,3968.84,1263064143.6,1261873491.6,1190652.0
60610,2022,16500.0,1367912522.3999999,1362962522.3999999,4950000.0
60610,2023,9132.64,1435199405.3999999,1432459613.3999999,2739792.0
60610,2024,5900.0,1435199405.3999999,1433429405.3999999,1770000.0
60610,2025,49843.01,1435199405.3999999,1420246502.3999999,14952903.0
60611,2015,3300.0,816024360.0,815034360.0,990000.0
60611,2016,328950.0,876299350.5,777614350.5,98685000.0
60611,2017,17278.045,927688776.0,922505362.5,5183413.499999999
60611,2018,187860.25,1007041311.5999999,950683236.5999999,56358075.0
60611,2019,151194.0,1065553483.1999999,1020195283.1999999,45358200.0
60611,2020,0.0,1103763594.3,1103763594.3,0.0
60611,2021,16870.45,1216692998.3999999,1211631863.3999999,5061135.0
60611,2022,287043.63,1340922769.2,1254809680.2,86113089.0
60611,2023,110581.95,1347252706.8,1314078121.8,33174585.0
60611,2024,74830.375,1347252706.8,1324803594.3,22449112.5
60611,2025,13203.055,1347252706.8,1343291790.3,3960916.5
60612,2015,110.0,393307358.4,393274358.4,33000.0
60612,2016,0.25,396166374.9,396166299.9,75.0
60612,2017,5.0,410798097.59999996,410796597.59999996,1500.0
60612,2018,5121.075,425113290.0,423576967.5,1536322.5
60612,2019,0.0,440697172.5,440697172.5,0.0
60612,2020,4323.1,430771536.0,429474606.0,1296930.0
60612,2021,420.505,530246522.4,530120370.9,126151.5
60612,2022,16600.0,608456346.6,603476346.6,4980000.0
60612,2023,823.58,629339232.9,629092158.9,247074.0
60612,2024,160.0,629339232.9,629291232.9,48000.0
60612,2025,32616.64,629339232.9,619554240.9,9784992.0
60613,2015,1550.0,1068669304.1999999,1068204304.1999999,465000.0
60613,2016,2250.005,1096499217.0,1095824215.5,675001.5
60613,2017,150375.0,1206674833.5,1161562333.5,45112500.0
60613,2018,8125.0,1237605681.8999999,1235168181.8999999,2437500.0
60613,2019,0.0,1284019799.3999999,1284019799.3999999,0.0
60613,2020,0.0,1302394121.1,1302394121.1,0.0
60613,2021,0.0,1410912688.2,1410912688.2,0.0
60613,2022,522.5,1437833615.3999999,1437676865.3999999,156750.0
60613,2023,0.0,1406823670.2,1406823670.2,0.0
60613,2024,175.0,1406823670.2,1406771170.2,52500.0
60613,2025,60250.5,1406823670.2,1388748520.2,18075150.0
60614,2015,275.0,1930945206.6,1930862706.6,82500.0
60614,2016,562.5,1982244264.0,1982075514.0,168750.0
60614,2017,750.0,2109193830.0,2108968830.0,225000.0
60614,2018,7370.0,2298848696.4,2296637696.4,2211000.0
60614,2019,39625.0,2528564295.6,2516676795.6,11887500.0
60614,2020,0.0,2546375142.2999997,2546375142.2999997,0.0
60614,2021,8241.33,2674388877.0,2671916478.0,2472399.0
60614,2022,58998.0,2911720249.2,2894020849.2,17699400.0
60614,2023,408925.0,2949370525.2,2826693025.2,122677500.0
60614,2024,27443.5,2949370525.2,2941137475.2,8233050.0
60614,2025,46377.8,2949370525.2,2935457185.2,13913340.0
60615,2015,5.0,508218204.0,508216704.0,1500.0
60615,2016,57.5,490173257.7,490156007.7,17250.0
60615,2017,432.5,507587701.5,507457951.5,129750.0
60615,2018,0.0,550015647.9,550015647.9,0.0
60615,2019,60.0,548902629.0,548884629.0,18000.0
60615,2020,0.0,551946085.1999999,551946085.1999999,0.0
60615,2021,12000.0,641277987.9,637677987.9,3600000.0
60615,2022,0.0,725352012.0,725352012.0,0.0
60615,2023,125.0,796533888.0,796496388.0,37500.0
60615,2024,375.0,796533888.0,796421388.0,112500.0
60615,2025,2000.0,796533888.0,795933888.0,600000.0
60616,2015,2250.0,667200934.8,666525934.8,675000.0
60616,2016,0.0,674748624.0,674748624.0,0.0
60616,2017,1500.0,741407562.0,740957562.0,450000.0
60616,2018,30.0,751554182.4,751545182.4,9000.0
60616,2019,20.0,848107174.1999999,848101174.1999999,6000.0
60616,2020,1127.5,975084765.3,974746515.3,338250.0
60616,2021,8500.0,1042945069.5,1040395069.5,2550000.0
60616,2022,20600.0,1143625944.6,1137445944.6,6180000.0
60616,2023,7285.0,1271672848.8,1269487348.8,2185500.0
60616,2024,35350.375,1271672848.8,1261067736.3,10605112.5
60616,2025,8382.65,1271672848.8,1269158053.8,2514795.0
60617,2015,130.0,932196764.4,932157764.4,39000.0
60617,2016,0.0,894118352.4,894118352.4,0.0
60617,2017,10.0,936149297.6999999,936146297.6999999,3000.0
60617,2018,0.0,996969453.0,996969453.0,0.0
60617,2019,0.0,1030835137.5,1030835137.5,0.0
60617,2020,275.0,1074915552.6,1074833052.6,82500.0
60617,2021,60.0,1165803632.3999999,1165785632.3999999,18000.0
60617,2022,170.0,1277842549.2,1277791549.2,51000.0
60617,2023,100.0,1218682292.3999999,1218652292.3999999,30000.0
60617,2024,4000.0,1218682292.3999999,1217482292.3999999,1200000.0
60617,2025,1500.0,1218682292.3999999,1218232292.3999999,450000.0
60618,2015,0.0,1678839000.0,1678839000.0,0.0
60618,2016,0.0,1781681539.2,1781681539.2,0.0
60618,2017,625.0,1892343488.3999999,1892155988.3999999,187500.0
60618,2018,250.0,2090188485.0,2090113485.0,75000.0
60618,2019,0.0,2240868158.4,2240868158.4,0.0
60618,2020,0.0,2426051453.4,2426051453.4,0.0
60618,2021,22500.0,2614169610.0,2607419610.0,6750000.0
60618,2022,675.0,2794056408.0,2793853908.0,202500.0
60618,2023,1571.25,2799832190.4,2799360815.4,471375.0
60618,2024,10921.94,2799832190.4,2796555608.4,3276582.0
60618,2025,30940.0,2799832190.4,2790550190.4,9282000.0
60619,2015,500.0,613292168.6999999,613142168.6999999,150000.0
60619,2016,0.0,603543518.4,603543518.4,0.0
60619,2017,1619.5,615268060.8,614782210.8,485850.0
60619,2018,0.0,614797539.6,614797539.6,0.0
60619,2019,325.0,654223260.9,654125760.9,97500.0
60619,2020,0.0,750493639.1999999,750493639.1999999,0.0
60619,2021,975.0,825170474.6999999,824877974.6999999,292500.0
60619,2022,12000.0,776124385.8,772524385.8,3600000.0
60619,2023,200.0,779847742.8,779787742.8,60000.0
60619,2024,3000.0,779847742.8,778947742.8,900000.0
60619,2025,93387.775,779847742.8,751831410.3,28016332.5
60620,2015,0.0,674649813.6,674649813.6,0.0
60620,2016,500.0,673607069.6999999,673457069.6999999,150000.0
60620,2017,0.0,691341084.0,691341084.0,0.0
60620,2018,0.0,733189632.0,733189632.0,0.0
60620,2019,0.0,746859101.1,746859101.1,0.0
60620,2020,475.0,814797221.6999999,814654721.6999999,142500.0
60620,2021,0.0,834718430.6999999,834718430.6999999,0.0
60620,2022,150.0,952629528.0,952584528.0,45000.0
60620,2023,150.0,973820806.5,973775806.5,45000.0
60620,2024,275.0,973820806.5,973738306.5,82500.0
60620,2025,33.5,973820806.5,973810756.5,10050.0
60621,2015,7.5,189679197.6,189676947.6,2250.0
60621,2016,0.0,189710235.0,189710235.0,0.0
60621,2017,0.0,181557936.0,181557936.0,0.0
60621,2018,0.0,182886186.6,182886186.6,0.0
60621,2019,0.0,186246853.2,186246853.2,0.0
60621,2020,7014.0,184630795.2,182526595.2,2104200.0
60621,2021,5125.0,198334396.79999998,196796896.79999998,1537500.0
60621,2022,4767.145,244293153.29999998,242863009.79999998,1430143.5000000002
60621,2023,3475.0,272374119.0,271331619.0,1042500.0
60621,2024,0.0,272374119.0,272374119.0,0.0
60621,2025,80.0,272374119.0,272350119.0,24000.0
60622,2015,4215.0,1251824732.3999999,1250560232.3999999,1264500.0
60622,2016,2370.0,1292256808.5,1291545808.5,711000.0
60622,2017,1506.5,1403350872.0,1402898922.0,451950.0
60622,2018,20442.0,1488572545.2,1482439945.2,6132600.0
60622,2019,614.885,1617382300.2,1617197834.7,184465.5
60622,2020,27025.0,1686066148.8,1677958648.8,8107500.0
60622,2021,2280.745,1814828130.0,1814143906.5,684223.5
60622,2022,7780.0,1927969348.8,1925635348.8,2334000.0
60622,2023,36817.15,2011215897.6,2000170752.6,11045145.0
60622,2024,193330.75,2011215897.6,1953216672.6,57999225.0
60622,2025,38904.84,2011215897.6,1999544445.6,11671451.999999998
60623,2015,0.0,746953735.5,746953735.5,0.0
60623,2016,2933.5,794502172.8,793622122.8,880050.0
60623,2017,0.0,835676031.0,835676031.0,0.0
60623,2018,1925.0,815957905.8,815380405.8,577500.0
60623,2019,105.0,791533854.0,791502354.0,31500.0
60623,2020,500.0,809516594.4,809366594.4,150000.0
60623,2021,175.0,832848984.0,832796484.0,52500.0
60623,2022,7500.0,869090506.1999999,866840506.1999999,2250000.0
60623,2023,8250.0,1018129932.0,1015654932.0,2475000.0
60623,2024,3118.5,1018129932.0,1017194382.0,935550.0
60623,2025,8033.54,1018129932.0,1015719870.0,2410062.0
60624,2015,50.0,254058168.0,254043168.0,15000.0
60624,2016,50.0,253514832.0,253499832.0,15000.0
60624,2017,13997.335,253865866.5,249666666.0,4199200.5
60624,2018,0.0,249403420.79999998,249403420.79999998,0.0
60624,2019,1285.0,245245400.39999998,244859900.39999998,385500.0
60624,2020,175.0,269719497.59999996,269666997.59999996,52500.0
60624,2021,475.0,322909971.59999996,322767471.59999996,142500.0
60624,2022,500.0,339892185.59999996,339742185.59999996,150000.0
60624,2023,4513.375,349328573.09999996,347974560.59999996,1354012.5
60624,2024,1116.25,349328573.09999996,348993698.09999996,334875.0
60624,2025,85909.2,349328573.09999996,323555813.09999996,25772760.0
60625,2015,1975.0,1334655785.1,1334063285.1,592500.0
60625,2016,18.75,1415350907.1,1415345282.1,5625.0
60625,2017,137.5,1527341896.8,1527300646.8,41250.0
60625,2018,50.0,1524247029.3,1524232029.3,15000.0
60625,2019,2250.0,1639009164.0,1638334164.0,675000.0
60625,2020,33117.5,1728853644.0,1718918394.0,9935250.0
60625,2021,8790.005,1826751139.2,1824114137.7,2637001.4999999995
60625,2022,2225.0,2012065197.6,2011397697.6,667500.0
60625,2023,11100.0,2007946989.8999999,2004616989.8999999,3330000.0
60625,2024,18474.72,2007946989.8999999,2002404573.8999999,5542416.0
60625,2025,15943.0,2007946989.8999999,2003164089.8999999,4782900.0
60626,2015,175.0,536943240.6,536890740.6,52500.0
60626,2016,60.0,555668406.0,555650406.0,18000.0
60626,2017,0.0,580583642.4,580583642.4,0.0
60626,2018,0.0,605577129.0,605577129.0,0.0
60626,2019,0.0,648181310.4,648181310.4,0.0
60626,2020,2400.0,698402323.1999999,697682323.1999999,720000.0
60626,2021,0.0,777993237.0,777993237.0,0.0
60626,2022,0.0,844448872.5,844448872.5,0.0
60626,2023,0.0,862245361.1999999,862245361.1999999,0.0
60626,2024,342.5,862245361.1999999,862142611.1999999,102750.0
60626,2025,1315.025,862245361.1999999,861850853.6999999,394507.5
60628,2015,5625.0,738401756.4,736714256.4,1687500.0
60628,2016,6927.5,728165207.4,726086957.4,2078250.0
60628,2017,14807.425,778737615.6,774295388.1,4442227.5
60628,2018,33340.25,805912489.1999999,795910414.1999999,10002075.0
60628,2019,140355.625,793581877.8,751475190.3,42106687.5
60628,2020,2425.0,866101584.0,865374084.0,727500.0
60628,2021,49500.0,902813755.5,887963755.5,14850000.0
60628,2022,13611.535,895507445.6999999,891423985.1999999,4083460.5
60628,2023,52718.73,883188428.4,867372809.4,15815619.000000002
60628,2024,128724.915,883188428.4,844570953.9,38617474.5
60628,2025,77705.595,883188428.4,859876749.9,23311678.5
60629,2015,1650.0,1404344155.2,1403849155.2,495000.0
60629,2016,0.0,1432043395.2,1432043395.2,0.0
60629,2017,15163.1,1433095027.2,1428546097.2,4548930.0
60629,2018,0.0,1409947545.0,1409947545.0,0.0
60629,2019,0.0,1436076502.2,1436076502.2,0.0
60629,2020,450.0,1404341988.0,1404206988.0,135000.0
60629,2021,0.0,1490318003.7,1490318003.7,0.0
60629,2022,0.0,1743450613.8,1743450613.8,0.0
60629,2023,2040.0,1928337118.8,1927725118.8,612000.0
60629,2024,0.0,1928337118.8,1928337118.8,0.0
60629,2025,120.0,1928337118.8,1928301118.8,36000.0
60630,2015,275.0,1057892799.5999999,1057810299.5999999,82500.0
60630,2016,1979.0,1166410818.8999999,1165817118.8999999,593700.0
60630,2017,0.0,1210256634.6,1210256634.6,0.0
60630,2018,0.0,1240213094.3999999,1240213094.3999999,0.0
60630,2019,2555.0,1239471838.8,1238705338.8,766500.0
60630,2020,0.0,1314938242.8,1314938242.8,0.0
60630,2021,500.0,1404562206.0,1404412206.0,150000.0
60630,2022,4050.25,1511792947.5,1510577872.5,1215075.0
60630,2023,3750.0,1580622728.3999999,1579497728.3999999,1125000.0
60630,2024,570.0,1580622728.3999999,1580451728.3999999,171000.0
60630,2025,145.495,1580622728.3999999,1580579079.8999999,43648.5
60631,2015,0.0,647604600.0,647604600.0,0.0
60631,2016,1497.325,673120501.1999999,672671303.6999999,449197.5
60631,2017,600.0,729328174.8,729148174.8,180000.0
60631,2018,0.0,806442895.8,806442895.8,0.0
60631,2019,900.0,832620354.3,832350354.3,270000.0
60631,2020,100.0,891343411.1999999,891313411.1999999,30000.0
60631,2021,0.0,950595999.6,950595999.6,0.0
60631,2022,16417.5,1030932939.5999999,1026007689.5999999,4925250.0
60631,2023,1120.0,1070066371.1999999,1069730371.1999999,336000.0
60631,2024,10.0,1070066371.1999999,1070063371.1999999,3000.0
60631,2025,6495.0,1070066371.1999999,1068117871.1999999,1948500.0
60632,2015,28308.505,1052932134.0,1044439582.5,8492551.5
60632,2016,23740.0,1122813831.6,1115691831.6,7122000.0
60632,2017,388350.0,1163924622.0,1047419622.0,116505000.0
60632,2018,70250.0,1167793668.6,1146718668.6,21075000.0
60632,2019,67268.5,1211020760.3999999,1190840210.3999999,20180550.0
60632,2020,12862.5,1221042586.5,1217183836.5,3858750.0
60632,2021,4853.75,1279226833.5,1277770708.5,1456125.0
60632,2022,7430.89,1398345405.6,1396116138.6,2229267.0
60632,2023,64504.81,1596135196.8,1576783753.8,19351443.0
60632,2024,111558.815,1596135196.8,1562667552.3,33467644.5
60632,2025,49879.185,1596135196.8,1581171441.3,14963755.5
60633,2015,0.0,180351763.2,180351763.2,0.0
60633,2016,0.0,195154205.4,195154205.4,0.0
60633,2017,0.0,198679538.4,198679538.4,0.0
60633,2018,0.0,181801587.9,181801587.9,0.0
60633,2019,0.0,196189704.6,196189704.6,0.0
60633,2020,0.0,199168488.0,199168488.0,0.0
60633,2021,0.0,205600162.79999998,205600162.79999998,0.0
60633,2022,1517.5,205095792.0,204640542.0,455250.0
60633,2023,287.5,213025312.5,212939062.5,86250.0
60633,2024,57.5,213025312.5,213008062.5,17250.0
60633,2025,75.0,213025312.5,213002812.5,22500.0
60634,2015,0.0,1253253457.8,1253253457.8,0.0
60634,2016,1980.0,1280897486.3999999,1280303486.3999999,594000.0
60634,2017,2.5,1398169476.8999999,1398168726.8999999,750.0
60634,2018,7.5,1521594688.5,1521592438.5,2250.0
60634,2019,0.0,1578591541.8,1578591541.8,0.0
60634,2020,15.0,1644545768.3999999,1644541268.3999999,4500.0
60634,2021,325.0,1764618768.0,1764521268.0,97500.0
60634,2022,0.0,1884025224.8999999,1884025224.8999999,0.0
60634,2023,4270.0,1897592023.8,1896311023.8,1281000.0
60634,2024,272.5,1897592023.8,1897510273.8,81750.0
60634,2025,87.5,1897592023.8,1897565773.8,26250.0
60636,2015,0.0,311692541.4,311692541.4,0.0
60636,2016,0.0,294908407.5,294908407.5,0.0
60636,2017,0.0,285057945.9,285057945.9,0.0
60636,2018,2.0,263839179.0,263838579.0,600.0
60636,2019,0.0,240708412.79999998,240708412.79999998,0.0
60636,2020,0.0,239693196.6,239693196.6,0.0
60636,2021,347.5,253918911.6,253814661.6,104250.0
60636,2022,100.0,272533404.9,272503404.9,30000.0
60636,2023,100.0,326289761.7,326259761.7,30000.0
60636,2024,0.0,326289761.7,326289761.7,0.0
60636,2025,172.5,326289761.7,326238011.7,51750.0
60637,2015,225.0,405300441.0,405232941.0,67500.0
60637,2016,0.0,399521813.4,399521813.4,0.0
60637,2017,0.0,403596043.2,403596043.2,0.0
60637,2018,0.0,409789017.0,0.0,0.0
60637,2019,350.0,411013350.0,410908350.0,105000.0
60637,2020,0.0,421672958.7,421672958.7,0.0
60637,2021,439.0,471175224.0,471043524.0,131700.0
60637,2022,24922.09,571499344.5,564022717.5,7476627.0
60637,2023,0.0,661724832.0,661724832.0,0.0
60637,2024,850.0,661724832.0,661469832.0,255000.0
60637,2025,5711.5,661724832.0,660011382.0,1713450.0
60638,2015,0.0,1086903761.3999999,1086903761.3999999,0.0
60638,2016,0.005,1115791310.3999999,1115791308.8999999,1.5
60638,2017,60.0,1186495365.0,1186477365.0,18000.0
60638,2018,11.5,1199176574.3999999,1199173124.3999999,3450.0
60638,2019,0.0,1198414062.3,1198414062.3,0.0
60638,2020,0.0,1164664601.1,1164664601.1,0.0
60638,2021,0.0,1348828626.6,1348828626.6,0.0
60638,2022,0.0,1480359547.8,1480359547.8,0.0
60638,2023,0.0,1558612725.0,1558612725.0,0.0
60638,2024,0.0,1558612725.0,1558612725.0,0.0
60638,2025,111.905,1558612725.0,1558579153.5,33571.5
60639,2015,343.5,1063596732.5999999,1063493682.5999999,103050.0
60639,2016,17.5,1080177492.8999999,1080172242.8999999,5250.0
60639,2017,0.0,1124793740.7,1124793740.7,0.0
60639,2018,0.0,1198897665.0,1198897665.0,0.0
60639,2019,100.0,1220046548.3999999,1220016548.3999999,30000.0
60639,2020,40.0,1375788645.0,1375776645.0,12000.0
60639,2021,0.0,1420950386.7,1420950386.7,0.0
60639,2022,9500.0,1405799193.6,1402949193.6,2850000.0
60639,2023,90.0,1513738065.0,1513711065.0,27000.0
60639,2024,90.0,1513738065.0,1513711065.0,27000.0
60639,2025,1800.0,1513738065.0,1513198065.0,540000.0
60640,2015,750.0,943808265.0,943583265.0,225000.0
60640,2016,75.0,953790096.0,953767596.0,22500.0
60640,2017,888.06,1033862971.1999999,1033596553.1999999,266418.0
60640,2018,2500.0,1125848449.5,1125098449.5,750000.0
60640,2019,0.0,1190706066.8999999,1190706066.8999999,0.0
60640,2020,0.0,1244943784.8,1244943784.8,0.0
60640,2021,1503.5,1297441728.0,1296990678.0,451050.0
60640,2022,106300.0,1401479354.7,1369589354.7,31890000.0
60640,2023,1650.0,1425231156.0,1424736156.0,495000.0
60640,2024,5500.0,1425231156.0,1423581156.0,1650000.0
60640,2025,46620.0,1425231156.0,1411245156.0,13986000.0
60641,2015,1000.0,1123596910.8,1123296910.8,300000.0
60641,2016,125.0,1126556230.8,1126518730.8,37500.0
60641,2017,442.5,1185468465.6,1185335715.6,132750.0
60641,2018,0.0,1279969403.7,1279969403.7,0.0
60641,2019,373.015,1332157380.0,1332045475.5,111904.5
60641,2020,1500.0,1422884591.1,1422434591.1,450000.0
60641,2021,24875.0,1553900655.0,1546438155.0,7462500.0
60641,2022,2500.0,1652831913.6,1652081913.6,750000.0
60641,2023,7577.475,1650942780.0,1648669537.5,2273242.5
60641,2024,9669.0,1650942780.0,1648042080.0,2900700.0
60641,2025,79424.25,1650942780.0,1627115505.0,23827275.0
60642,2015,1642.425,477535211.09999996,477042483.59999996,492727.5
60642,2016,2298.25,482261169.59999996,481571694.59999996,689475.0
60642,2017,315625.005,542528380.8,447840879.29999995,94687501.5
60642,2018,2515.0,617780921.6999999,617026421.6999999,754500.0
60642,2019,18782.5,663883066.8,658248316.8,5634750.0
60642,2020,7283.375,729553326.6,727368314.1,2185012.5
60642,2021,20788.125,841287052.1999999,835050614.6999999,6236437.5
60642,2022,11751.94,886835919.6,883310337.6,3525582.0
60642,2023,107900.0,894679558.8,862309558.8,32370000.0
60642,2024,7250.0,894679558.8,892504558.8,2175000.0
60642,2025,12633.98,894679558.8,890889364.8,3790194.0
60643,2015,0.0,911629876.8,911629876.8,0.0
60643,2016,0.0,904368240.6,904368240.6,0.0
60643,2017,0.0,910666099.1999999,910666099.1999999,0.0
60643,2018,425.0,964640397.0,964512897.0,127500.0
60643,2019,0.0,962550809.1,962550809.1,0.0
60643,2020,0.0,1016835391.1999999,1016835391.1999999,0.0
60643,2021,0.0,1094789958.0,1094789958.0,0.0
60643,2022,2154.5,1165155741.0,1164509391.0,646350.0
60643,2023,6575.005,1190484909.0,1188512407.5,1972501.5
60643,2024,1012.5,1190484909.0,1190181159.0,303750.0
60643,2025,100.0,1190484909.0,1190454909.0,30000.0
60644,2015,0.0,395810568.0,395810568.0,0.0
60644,2016,0.0,400516002.0,400516002.0,0.0
60644,2017,100.0,406392440.09999996,406362440.09999996,30000.0
60644,2018,0.0,390217363.2,390217363.2,0.0
60644,2019,0.0,375989370.0,375989370.0,0.0
60644,2020,0.0,386174198.09999996,386174198.09999996,0.0
60644,2021,225.0,454618824.0,454551324.0,67500.0
60644,2022,0.0,506964529.5,506964529.5,0.0
60644,2023,107.0,550118035.1999999,550085935.1999999,32100.0
60644,2024,10.0,550118035.1999999,550115035.1999999,3000.0
60644,2025,92.5,550118035.1999999,550090285.1999999,27750.0
60645,2015,0.0,655520582.6999999,655520582.6999999,0.0
60645,2016,0.0,694692087.6,694692087.6,0.0
60645,2017,325.0,732564132.3,732466632.3,97500.0
60645,2018,15.0,763807464.0,763802964.0,4500.0
60645,2019,0.0,816428532.0,816428532.0,0.0
60645,2020,0.0,886708750.8,886708750.8,0.0
60645,2021,700.0,925369344.0,925159344.0,210000.0
60645,2022,550.0,1076959917.6,1076794917.6,165000.0
60645,2023,0.0,1084144756.8,1084144756.8,0.0
60645,2024,25.0,1084144756.8,1084137256.8,7500.0
60645,2025,3539.22,1084144756.8,1083082990.8,1061766.0
60646,2015,0.0,619727081.4,619727081.4,0.0
60646,2016,2850.0,651310459.8,650455459.8,855000.0
60646,2017,0.0,723380973.0,723380973.0,0.0
60646,2018,585.015,751283028.0,751107523.5,175504.5
60646,2019,0.0,819298925.1,819298925.1,0.0
60646,2020,850.0,877127643.0,876872643.0,255000.0
60646,2021,1074.0,914205791.4,913883591.4,322200.0
60646,2022,3007.5,969114573.0,968212323.0,902250.0
60646,2023,2565.0,949999915.5,949230415.5,769500.0
60646,2024,25100.0,949999915.5,942469915.5,7530000.0
60646,2025,14027.89,949999915.5,945791548.5,4208367.0
60647,2015,1001.5,1489724739.8999999,1489424289.8999999,300450.0
60647,2016,2900.0,1626994274.3999999,1626124274.3999999,870000.0
60647,2017,0.0,1795090398.3,1795090398.3,0.0
60647,2018,1072.5,1928077046.1,1927755296.1,321750.0
60647,2019,0.0,2061469928.6999998,2061469928.6999998,0.0
60647,2020,1050.0,2118313774.1999998,2117998774.1999998,315000.0
60647,2021,625.0,2309560600.7999997,2309373100.7999997,187500.0
60647,2022,15952.42,2507571525.0,2502785799.0,4785726.0
60647,2023,1639.665,2640874271.7,2640382372.2,491899.5
60647,2024,26774.005,2640874271.7,2632842070.2,8032201.5
60647,2025,2192.5,2640874271.7,2640216521.7,657750.0
60649,2015,0.0,364211425.5,364211425.5,0.0
60649,2016,0.0,356037488.4,356037488.4,0.0
60649,2017,500.0,330889752.9,330739752.9,150000.0
60649,2018,0.0,417281198.4,417281198.4,0.0
60649,2019,0.0,446571597.9,446571597.9,0.0
60649,2020,0.0,510343476.0,510343476.0,0.0
60649,2021,4800.0,558674189.4,557234189.4,1440000.0
60649,2022,0.0,599640079.8,599640079.8,0.0
60649,2023,625.0,586715472.0,586527972.0,187500.0
60649,2024,0.5,586715472.0,586715322.0,150.0
60649,2025,3425.0,586715472.0,585687972.0,1027500.0
60651,2015,0.0,588465516.6,588465516.6,0.0
60651,2016,72769.74,637297296.9,615466374.9,21830922.0
60651,2017,336.25,672991597.1999999,672890722.1999999,100875.0
60651,2018,605.0,722259328.1999999,722077828.1999999,181500.0
60651,2019,137.5,741999258.0,741958008.0,41250.0
60651,2020,300.0,785295795.9,785205795.9,90000.0
60651,2021,425.0,863867478.6,863739978.6,127500.0
60651,2022,1875.0,949708148.4,949145648.4,562500.0
60651,2023,9675.005,1015173598.8,1012271097.3,2902501.4999999995
60651,2024,3500.0,1015173598.8,1014123598.8,1050000.0
60651,2025,2500.0,1015173598.8,1014423598.8,750000.0
60652,2015,0.0,781905081.6,781905081.6,0.0
60652,2016,0.0,837421461.6,837421461.6,0.0
60652,2017,425.0,859916442.0,859788942.0,127500.0
60652,2018,9.0,901300942.5,901298242.5,2700.0
60652,2019,0.0,921536938.1999999,921536938.1999999,0.0
60652,2020,0.0,904292709.6,904292709.6,0.0
60652,2021,7753.375,923177853.0,920851840.5,2326012.5
60652,2022,0.0,966484470.0,966484470.0,0.0
60652,2023,375.0,976433378.6999999,976320878.6999999,112500.0
60652,2024,150.0,976433378.6999999,976388378.6999999,45000.0
60652,2025,0.0,976433378.6999999,976433378.6999999,0.0
60653,2015,0.0,238618622.7,238618622.7,0.0
60653,2016,445.0,243790176.0,243656676.0,133500.0
60653,2017,0.0,271211406.0,271211406.0,0.0
60653,2018,4550.0,283614020.4,282249020.4,1365000.0
60653,2019,0.0,309257196.59999996,309257196.59999996,0.0
60653,2020,150.0,348709636.2,348664636.2,45000.0
60653,2021,50.0,357934414.8,357919414.8,15000.0
60653,2022,878.92,362224051.2,361960375.2,263676.0
60653,2023,75.0,410779656.0,410757156.0,22500.0
60653,2024,0.0,410779656.0,410779656.0,0.0
60653,2025,0.0,410779656.0,410779656.0,0.0
60654,2015,5860.0,432703704.0,430945704.0,1758000.0
60654,2016,55900.0,487859443.2,471089443.2,16770000.0
60654,2017,13598.405,569642127.6,565562606.1,4079521.5
60654,2018,17108.5,646948609.5,641816059.5,5132550.0
60654,2019,23625.0,735760447.1999999,728672947.1999999,7087500.0
60654,2020,17225.0,799811403.6,794643903.6,5167500.0
60654,2021,17925.0,833300054.4,827922554.4,5377500.0
60654,2022,63237.4,973829857.5,954858637.5,18971220.0
60654,2023,15029.01,1055948337.9,1051439634.9,4508703.0
60654,2024,93651.665,1055948337.9,1027852838.4,28095499.499999996
60654,2025,4649.625,1055948337.9,1054553450.4,1394887.5
60655,2015,0.0,744198988.5,744198988.5,0.0
60655,2016,0.0,785508774.6,785508774.6,0.0
60655,2017,0.0,821564798.4,821564798.4,0.0
60655,2018,1500.0,843139166.4,842689166.4,450000.0
60655,2019,0.0,881179379.1,881179379.1,0.0
60655,2020,0.0,826998163.1999999,826998163.1999999,0.0
60655,2021,447.38,907631693.6999999,907497479.6999999,134214.0
60655,2022,0.0,968721600.0,968721600.0,0.0
60655,2023,8000.0,954248622.6,951848622.6,2400000.0
60655,2024,0.0,954248622.6,954248622.6,0.0
60655,2025,806.05,954248622.6,954006807.6,241815.0
60656,2015,4.0,490430402.4,490429202.4,1200.0
60656,2016,12.5,487395270.59999996,487391520.59999996,3750.0
60656,2017,3100.0,488767560.0,487837560.0,930000.0
60656,2018,11889.3,509651646.29999995,506084856.29999995,3566790.0
60656,2019,1782.5,545510376.0,544975626.0,534750.0
60656,2020,0.0,599327472.6,599327472.6,0.0
60656,2021,300.0,645014097.0,644924097.0,90000.0
60656,2022,3250.0,726511968.0,725536968.0,975000.0
60656,2023,1165.0,758366400.0,758016900.0,349500.0
60656,2024,125.0,758366400.0,758328900.0,37500.0
60656,2025,2250.0,758366400.0,757691400.0,675000.0
60657,2015,7.5,1652018635.8,1652016385.8,2250.0
60657,2016,0.0,1773355048.5,1773355048.5,0.0
60657,2017,30800.0,1865609077.2,1856369077.2,9240000.0
60657,2018,1503.5,1939634802.0,1939183752.0,451050.0
60657,2019,0.0,2025985720.1999998,2025985720.1999998,0.0
60657,2020,14588.68,2003057717.3999999,1998681113.3999999,4376604.0
60657,2021,43515.0,2130008892.3,2116954392.3,13054500.0
60657,2022,29400.0,2251689052.7999997,2242869052.7999997,8820000.0
60657,2023,151605.0,2330998110.0,2285516610.0,45481500.0
60657,2024,78098.795,2330998110.0,2307568471.5,23429638.5
60657,2025,72683.38,2330998110.0,2309193096.0,21805014.0
60659,2015,0.0,552368611.1999999,552368611.1999999,0.0
60659,2016,0.0,602788609.5,602788609.5,0.0
60659,2017,0.0,613351460.4,613351460.4,0.0
60659,2018,0.0,633059113.1999999,633059113.1999999,0.0
60659,2019,0.0,669730099.5,669730099.5,0.0
60659,2020,0.0,720870990.3,720870990.3,0.0
60659,2021,1500.0,748776039.9,748326039.9,450000.0
60659,2022,100.0,820906032.6,820876032.6,30000.0
60659,2023,75.0,882583879.1999999,882561379.1999999,22500.0
60659,2024,6000.0,882583879.1999999,880783879.1999999,1800000.0
60659,2025,1500.0,882583879.1999999,882133879.1999999,450000.0
60660,2015,0.0,505876568.4,505876568.4,0.0
60660,2016,0.0,545103918.0,545103918.0,0.0
60660,2017,3000.0,573496216.8,572596216.8,900000.0
60660,2018,0.0,638783796.6,638783796.6,0.0
60660,2019,0.0,680365520.4,680365520.4,0.0
60660,2020,0.0,722524744.5,722524744.5,0.0
60660,2021,1425.0,756743844.0,756316344.0,427500.0
60660,2022,0.0,818385126.0,818385126.0,0.0
60660,2023,27127.165,849091950.0,840953800.5,8138149.5
60660,2024,0.0,849091950.0,849091950.0,0.0
60660,2025,75873.715,849091950.0,826329835.5,22762114.5
60661,2015,26725.0,263273325.0,255255825.0,8017500.0
60661,2016,0.0,285416504.09999996,285416504.09999996,0.0
60661,2017,5251.8,304623497.4,303047957.4,1575540.0
60661,2018,872202.38,319354161.0,57693447.0,261660714.0
60661,2019,707295.0,372744000.0,160555500.0,212188500.0
60661,2020,3550.0,403700373.0,402635373.0,1065000.0
60661,2021,2500.0,461953379.7,461203379.7,750000.0
60661,2022,185100.0,482675617.2,427145617.2,55530000.0
60661,2023,9454.6,479633338.8,476796958.8,2836380.0
60661,2024,5735.0,479633338.8,477912838.8,1720500.0
60661,2025,22755.215,479633338.8,472806774.3,6826564.5
60707,2015,0.0,705312103.5,0.0,0.0
60707,2016,0.0,723628608.9,0.0,0.0
60707,2017,0.0,720968850.0,0.0,0.0
60707,2018,0.0,742774657.8,0.0,0.0
60707,2019,0.0,797884132.1999999,0.0,0.0
60707,2020,0.0,824789658.0,0.0,0.0
60707,2021,0.0,848032461.0,0.0,0.0
60707,2022,0.0,935468950.5,0.0,0.0
60707,2023,0.0,1015218948.5999999,0.0,0.0
60707,2024,0.0,1015218948.5999999,0.0,0.0
60707,2025,0.0,1015218948.5999999,0.0,0.0
60827,2015,0.0,267238095.29999998,0.0,0.0
60827,2016,0.0,264858950.39999998,0.0,0.0
60827,2017,0.0,268430054.39999998,0.0,0.0
60827,2018,0.0,273944837.4,0.0,0.0
60827,2019,0.0,276248072.09999996,0.0,0.0
60827,2020,0.0,296396731.8,0.0,0.0
60827,2021,0.0,255946203.0,0.0,0.0
60827,2022,0.0,274546269.0,0.0,0.0
60827,2023,0.0,281083732.8,0.0,0.0
60827,2024,0.0,281083732.8,0.0,0.0
60827,2025,0.0,281083732.8,0.0,0.0
